VRF;RD
thomas_greg_Cra6;16528:1203089
colsubsi;16528:1100301
9707-1-EMERGIA-9000003451-L3VPN;6745:11009707
Tokio;16528:1211165
9013-1-ALORICAINC-C-ADT-9000000275-L3VPN;6745:11009013
7669-1-STCLAIRTECHNOLOGIESINC-2006886333-L3VPN;6745:11007669
9793-1-COMPU_ING_CABANA-9000003198-L3VPN;6745:11009793
9783-1-AVAYA_PBS_COLXV-9000001852-L3VPN;6745:11009783
9781-1-BANCOLOMBIA-AWS-NEQUI-9000002515-L3VPN;6745:11009781
9281-1-KAUFMANN-2007337056-L3VPN;6745:11009281
firstdata_bpopular;16528:1101759
ocen_obc;16528:1102666
Sudameris_HSBC;16528:1200108
9729-1-COMPU_OLEOFLORES_BAQ-9000003782-L3VPN;6745:11009729
9734-1-COMPU_LIC_CUNDINAMARCA-9000003198-L3VPN;6745:11009734
9742-1-COMPU_INCOLMOTOS-9000003198-L3VPN;6745:11009742
9743-1-COMPU_ING_RISARALDA-9000003198-L3VPN;6745:11009743
9747-1-COMPU_SUPER_ALIMENTOS-9000003198-L3VPN;6745:11009747
9749-1-COMPU_CONCRETO_MED-9000003198-L3VPN;6745:11009749
9750-1-COMPU_CIAMSA_CLO-9000003198-L3VPN;6745:11009750
9758-1-COMPUNET-MICROPLAST-9000003198-L3VPN;6745:11009758
9724-1-DETERGENTES-9000003782-L3VPN;6745:11009724
32703-1-XPOLOGISTICSLLC-2005781838-L3VPN;6745:110032703
00/VPXX/000594/LUMN;209:10014881
banrep_comfandi;16528:8100957
8623-1-CLOVERIMAGINGGROUPLLC-2006947126-L3VPN;6745:11008623
5367-1-GENERALMILLSINC.-2006508555-L3VPN;6745:11005367
10317-1-GCCOMUNICACOESDOBRASILLTDA-2004248769-L3VPN;6745:110010317
stop;16528:1103735
00/VPXX/002706/LUMN;6745:110049993
grupo_iga;16528:1303471
colmedica_imagenes;16528:1400281
colmedica_seguridad;16528:1500281
00/VPXX/699160/LVLC;6745:110045664
colmedica;16528:1100281
9975-1-CARVAJAL_EMPAQUES-9000003057-L3VPN;6745:11009975
1272-1-CONSTELLATIONBRANDSINC-2005476586-L3VPN;6745:11001272
daviviendavoz;16528:180030
teleperfomance;20363:1103264
9959-1-ocaglobal-9000008680-L3VPN;6745:11009959
9958-1-emi_sdwan-9000002069-L3VPN;6745:11009958
4658-1-INOVANT-2006367599-L3VPN;6745:11004658
9956-1-VALLECILLA-9000003202-L3VPN;6745:110009956
sudameris;16528:1100108
emergia;6528:1203451
cepsa_cxv;16528:1203161
4809-1-ASTRAZENECA-2006422414-L3VPN;6745:11004809
00/VPXX/000184/LUMN;6745:110042160
00/VPXX/001270/LUMN;00/VPXX/001270/LUMN
00/VPXX/857176/LVLC;209:10039229
00/VPXX/973058/LVLC;6745:110064534
10029-1-LATAM_CORPORATE_NETWORK-L3VPN;6745:119910029
10084-1-ACE-Siderca-L3VPN;6745:110010084
10175-1-TTIGroup-L3VPN;6745:110010175
10238-1-Fastenal-2003352310-L3VPN;6745:110010238
10947-1-GCCOMUNICACOESDOBRASIL-2004238871-L3VPN;6745:110010947
1149-1-GC-Level3Interconnect-2005472869-L3VPN;6745:11001149
11725-1-GCAMERICASSOLUTIONSINC-2004882350-L3VPN;6745:110011725
12433-1-TWTC-ShrinersHospitals-2004296551-L3VPN;6745:110012433
1259-1-STARTEKINC-2005479598-L3VPN;6745:11001259
13200-1-EQUIFAXINFORMATIONSERVIC-2003829856-L3VPN;6745:110013200
13403-1-CompaniaGlobalDePinturas-2003862476-L3VPN;6745:110013403
13973-1-GLOBALCROSSINGARGENTINAS.A.-2004065771-L3VPN;6745:110013973
14748-1-Devanlay-2004514450-L3VPN;6745:110014748
1832-1-TWTELECOMNNI-2005610792-L3VPN;6745:11001832
1847-1-LEVEL3PERU-2005552835-L3VPN;6745:11001847
21797-1-COLUMBUSITPARTNERUSA-BBBP44617-L3VPN;6745:110021797
2186-1-TRANSWORLDSYSTEMS-2005546791-L3VPN;6745:11002186
30237-1-GOV0186-BBLL95138-L3VPN;6745:110030237
3110-1-SATELITESMEXICANOS-2005946022-L3VPN;6745:11003110
35545-1-TRAVELPORTLP-2006222040-L3VPN;6745:110035545
3654-1-CAPGEMINIAMERICAINC-2006130740-L3VPN;6745:11003654
37238-1-WALMARTUS-IPVPN-2006761487-L3VPN;6745:110037238
37239-1-WAL-MARTSTORESINC-2006974221-L3VPN;6745:110037239
37368-1-TELETECHHOLDINGSINC.-2005884651-L3VPN;6745:110037368
3806-1-ARCOSDORADOS-2006248489-L3VPN;6745:11003806
4130-1-SAMSUNGSDSAMERICAINC-2006268722-L3VPN;6745:11004130
4526-1-GREENBERGTRAURIGLLP.-2006283908-L3VPN;6745:11004526
4721-1-ASTRAZENECA-2006408176-L3VPN;6745:11004721
5070-1-FLORIDAEASTCOASTRAILWAYLLC-2006420398-L3VPN;6745:11005070
5070-1-FLORIDAEASTCOASTRAILWAYLLC-2006420398-L3VPN;6745:11005070
6246-1-QUALFONDATASERVICESGROUPLLC-2006643805-L3VPN;6745:11006246
6516-1-GCAMERICASSOLUTIONS-2006739936-L3VPN;6745:11006516
7047-1-ARTHURJ.GALLAGHERCO.-VOLENDCUST-2006782986-L3VPN;6745:11007047
7182-1-NCOGROUP-2006758191-L3VPN;6745:11007182
7527-1-COVIAHOLDINGSCORPORATION-2006760833-L3VPN;6745:11007527
7614-1-SPIRITAIRLINES.-2006899635-L3VPN;6745:11007614
7857-1-INTERNEXA-2007083944-L3VPN;6745:11007857
8718-1-CATENOGESTAODECONTASDEPAGAMENTO-2007159632-L3VPN;6745:11008718
8751-1-ROBERTBOSCHLLC-2006952925-L3VPN;6745:11008751
8781-1-BauschandLomb-2006949683-L3VPN;6745:11008781
8933-1-SAMSUNGSDSAMERICAINC-2006951993-L3VPN;6745:11008933
9075-1-CAJAINMACULADASCDEAPDERLDECV-2007214933-L3VPN;6745:11009075
9133-1-MEDLINEINDUSTRIES-2006966620-L3VPN;6745:11009133
9191-1-COOMEVA-2007326330-L3VPN;6745:11009191
9245-1-RobertsCommunicationsNetwork-2006969615-L3VPN;6745:11009245
9359-1-WAL-MARTSTORESINC-2006775283-L3VPN;6745:11009359
9482-1-NCOFINANCIALSYSTEMSINC-2006973010-L3VPN;6745:11009482
9650-1-FERROCARRILMEXICANOS.ADEC.V.-9000000116-L3VPN;6745:11009650
9691-1-CYRACOMINTERNATIONAL-2007401786-L3VPN;6745:11009691
9751-1-DELOITTELATAM-9000001921-L3VPN;6745:11009751
9765-1-CONSORCIOECUATORIANODETELECOMUNICACIONESS.ACONECEL-9000001699-L3VPN;6745:11009765
9771-1-CROWLEYMARITIMECORPORATON-2007484727-L3VPN;6745:11009716
9805-1-GRUPOENERGIABOGOTAS.A.ESP-9000003314-L3VPN;6745:11009805
9812-1-NCOGROUP-2006980207-L3VPN;6745:11009812
9817-1-telecommunicationsystems-346268166-L3VPN;6745:11009817
9819-1-LEVEL3COMMUNICATIONSLLC-2007439538-L3VPN;6745:11009819
9835-1-NCOGROUP-2006983433-L3VPN;6745:11009835
9885-1-MAYO_CLINIC-2007519935-L3VPN;6745:11009885
9918-1-CIRIONTECHNOLOGIESSOLUTIONSLLC-2006984115-L3VPN;6745:11009918
9925-1-FINCOMUNSERVICIOSFINANCIEROS-9000001710-L3VPN;6745:11009925
9935-1-LEVEL3COMMUNICATIONSLLC-348689867-L3VPN;6745:11009935
9972-1-LEVEL3COMMUNICATIONSLLC-342894510-L3VPN;209:10039229
9976-1-CONMEDCORPORATION-2006984716-L3VPN;6745:11009976
alpina_sdwan;16528:1300278
apex_col;16528:1104157
arcosdorados;13835:1102890
ARSUPPLY;13835:1103180
atento_colmena;16528:1501852
atento_core;16528:1851852
atento_ecopetrol;16528:2201852
atento-bcsc;16528:1001852
aviatur;16528:1100018
azul_k;16528:1101810
BANCO_W;16528:1202791
BANCOL_UNDERLAY;16528:4800321
banrep;16528:1100957
banrep_confiar;16528:7400957
banrep_royal;16528:4100957
bco_finandina;16528:3900645
BCOLPOFI;16528:2100062
bergevigia;16528:1104799
blu_logistics;16528:1103683
brinks;16528:1100013
bunion_sdwan;16528:2100508
BVC_CRP;16528:1600761
BVCMEC;16528:1200761
BVCMEC_SDWAN;16528:2200761
BVCSET-FX;16528:1300761
BVCSET-FX_SDWAN;16528:3300761
carv_bancol;16528:2700943
carv_naos;16528:1200194
casaluker;16528:1100524
casaluker_panama;16528:1300524
Casatoro;16528:3901209
CATENONNI;16528:1103087
cavip_ext_visionamos;16528:1401195
ccamericas_ColXV;16528:1501468
ccma;16528:1200968
CCMA_SDWAN;16528:1210968
cencosud_co;16528:1202186
cenit;16528:1103888
cepsa_col;16528:1103461
CGFM;16528:1103372
colombina;16528:100056
comfandi;16528:1103178
Comfandi_Fortox;16528:1203178
conecel_mexico;65140:22001699
coopcentral;16528:1102467
cooptenjo;16528:1101571
coorserpark;16528:1103130
CRCC_SDWAN;16528:1502219
credivalores;16528:1103193
credivalores_terceros;16528:1203193
crepeswaffles;16528:1102680
CSJ;16528:1103520
CSJ_FORTI_SDWAN;16528:1503520
CSJ_SDWAN;16528:1703520
CSJ_TELEFONIA;16528:1403520
dislicores;16528:1102422
eeb_corp;16528:1303314
emi_ant;16528:1102069
epscomp_ADI;16528:1782619
epscomp_ext;16528:1702619
epscomp_int;16528:1602619
experian;16528:1501220
exxe_logistica;16528:1308339
fac_cce;16528:1100680
falab_bco;16528:1302148
fibergroup;16528:1104295
fincomultrasan;16528:1102216
fiotti;16528:3903904
friko;16528:1102208
fundacion_li;16528:1108727
giros_sdwan;16528:1350508
girosyfi;16528:1100508
Grasco;16528:3903782
grupo_mundial;16528:1091165
heel;16528:1103844
indspring;16528:1101761
ineo;20363:1101626
ITM_sat;16528:1102440
javesalud;16528:1107962
jpm_sdwan;16528:419810030
jpmsdwancisco;16528:419913715
KONECTA_COL;16528:1150220
konecta_enel;16528:1400220
KONECTA_GROUP_COL;16528:1302374
Levapan;16528:1100488
lloredasa_sdwan;16528:1103883
minsaludyprot;16528:1203173
mintrans_granesta;16528:1203338
mintransporte;16528:1103338
MTI;16528:1603308
NETSYS;16528:1108043
oal_loscoches;16528:1100468
ocensa;16528:1102159
peopletech;16528:1103140
petrex;16528:1102330
policlinico;16528:1101345
procredit;16528:1102177
ramo;16528:1100839
RBME_AV_VILLAS;16528:1303985
recamier_sdwan;16528:1001811
saludtot2;16528:1120543
secret_distrital;16528:1103512
servb_atm;16528:1201688
servb_ext;16528:1101688
SIFDV_FINDETER;16528:2200932
smurfit;16528:1102138
smurfitNNI;16528:1902138
tcs_solution;16528:1108540
tecnoquim;16528:1100639
TGI_Datos;16528:1103356
thomas_greg_americas;16528:1603056
tropi_sdwan;16528:1202383
usta;16528:1107229
viajes-falabella;20363:1102321
VRF_Ecopetrol_R2Vias;16528:1190228
vrf_palmar;16528:1101046
atento_avaya;16528:3201852
credicom;16528:1200778
9759-1-COMPU_PALM_ALTAMIRA-9000003198-L3VPN;6745:11009759
9760-1-COMPU_MICROPLAST_ITAG-9000003198-L3VPN;6745:11009760
9769-1-COMPU_LIC_CUNDINAMARCA-9000003198-L3VPN;6745:11009769
9773-1-COMPU_CONCRETO_BOG-9000003198-L3VPN;6745:11009773
9799-1-COMPU-DITRANSA-9000003198-L3VPN;6745:11009799
casas;222
9024-1-ALORICAINC-C-L_INT_GST-9000000275-L3VPN;6745:11009024
00/VPXX/002125/LUMN;6745:110056934
finanzauto;16528:1104088
servb_rep;16528:1301688
credibanco_servibanca;16528:3300778
dcv_servb;16528:2800219
morango;16528:1103722
00/VPXX/721236/LVLC;6745:110038262
9689-1-LEVEL3COMMUNICATIONSLLC-9000002061-L3VPN;6745:11009689
9035-1-SWISSLUB-SAS-9000000275-L3VPN;6745:11009035
9035-1-SWISSLUB-SAS-9000005335-L3VPN;6745:11009035
4118-2-ONIXSAT-L3VPN;11415:1124118
9038-1-SWISSLUB-SAS-9000002791-L3VPN;6745:11009038
credifinanciera;16528:1103287
8348-1-DiplomaticTelecommunicationsServiceProgramOffice-2007124005-L3VPN;6745:11008348
9054-1-BANCOW_SDWAN-9000002791-L3VPN;6745:11009054
